device_id,season,mean_temp_c,mean_pm25,mean_humidity,n_readings,sensorlocation,sensor_lat,sensor_lon,precinct,tree_count_500m,short_name
ICTMicroclimate-01,Autumn,17.162882184869293,6.002990695613646,71.18711783772707,9028,Birrarung Marr Park - Pole 1131,-37.8185931,144.9716404,Melbourne,1556,Birrarung Marr
ICTMicroclimate-01,Spring,15.48239782850754,2.344991686256522,67.26696864721059,17441,Birrarung Marr Park - Pole 1131,-37.8185931,144.9716404,Melbourne,1556,Birrarung Marr
ICTMicroclimate-01,Summer,20.613658484053616,3.816847700485325,63.3994800233418,17308,Birrarung Marr Park - Pole 1131,-37.8185931,144.9716404,Melbourne,1556,Birrarung Marr
ICTMicroclimate-01,Winter,10.865390730066917,6.83514800952705,79.35810365288647,17634,Birrarung Marr Park - Pole 1131,-37.8185931,144.9716404,Melbourne,1556,Birrarung Marr
ICTMicroclimate-02,Autumn,18.24625069637883,8.407465181058496,67.50576044568244,8975,101 Collins St L11 Rooftop,-37.814604,144.9702991,Melbourne,928,101 Collins St
ICTMicroclimate-02,Spring,16.109538071650732,4.697845870291441,65.55133625158392,17362,101 Collins St L11 Rooftop,-37.814604,144.9702991,Melbourne,928,101 Collins St
ICTMicroclimate-02,Summer,21.22707932846341,5.618864539279764,61.85865051903114,15606,101 Collins St L11 Rooftop,-37.814604,144.9702991,Melbourne,928,101 Collins St
ICTMicroclimate-02,Winter,11.91611231347534,10.028477047499717,76.36671602688233,17558,101 Collins St L11 Rooftop,-37.814604,144.9702991,Melbourne,928,101 Collins St
ICTMicroclimate-03,Autumn,17.90408049810985,7.1024016010673785,68.40047809650879,8994,CH1 rooftop,-37.8140348,144.96728,Central City,610,CH1 Rooftop
ICTMicroclimate-03,Spring,15.676449942462602,4.608055235903337,66.71813003452245,17380,CH1 rooftop,-37.8140348,144.96728,Central City,610,CH1 Rooftop
ICTMicroclimate-03,Summer,20.463797777175387,4.373949579831932,63.88406072106262,14756,CH1 rooftop,-37.8140348,144.96728,Central City,610,CH1 Rooftop
ICTMicroclimate-03,Winter,11.66089878680868,9.114598165973684,76.76968730420914,17557,CH1 rooftop,-37.8140348,144.96728,Central City,610,CH1 Rooftop
ICTMicroclimate-04,Autumn,18.15831059572533,6.512733060482037,63.494122328331066,8796,Batman Park,-37.8221828,144.9562225,Southbank,494,Batman Park
ICTMicroclimate-04,Spring,16.603781871416373,4.282420397706478,61.934366231548125,8197,Batman Park,-37.8221828,144.9562225,Southbank,494,Batman Park
ICTMicroclimate-04,Summer,21.37785001160901,3.8283027629440447,59.88900626886464,8614,Batman Park,-37.8221828,144.9562225,Southbank,494,Batman Park
ICTMicroclimate-04,Winter,13.075686274509804,14.584313725490196,59.2586274509804,510,Batman Park,-37.8221828,144.9562225,Southbank,494,Batman Park
ICTMicroclimate-05,Autumn,18.123893199452304,7.681994523048836,70.50607028753993,8764,Enterprize Park - Pole ID: COM1667,-37.8204083,144.9591192,Central City,692,Enterprize Park
ICTMicroclimate-05,Spring,16.048157753532465,3.680647469146843,68.65372920765516,11182,Enterprize Park - Pole ID: COM1667,-37.8204083,144.9591192,Central City,692,Enterprize Park
ICTMicroclimate-05,Summer,21.151589095744683,4.6240691489361705,63.96586436170213,15040,Enterprize Park - Pole ID: COM1667,-37.8204083,144.9591192,Central City,692,Enterprize Park
ICTMicroclimate-05,Winter,11.472659217877096,8.457988826815642,78.32672625698324,8950,Enterprize Park - Pole ID: COM1667,-37.8204083,144.9591192,Central City,692,Enterprize Park
ICTMicroclimate-06,Autumn,17.852217898832688,5.980100055586437,64.24961645358533,8995,Tram Stop 7B - Melbourne Tennis Centre Precinct - Rod Laver Arena,-37.8194993,144.9787211,East Melbourne,1259,Tennis Ctr 7B
ICTMicroclimate-06,Spring,16.041299169136018,2.318517227354598,61.46711986520249,17211,Tram Stop 7B - Melbourne Tennis Centre Precinct - Rod Laver Arena,-37.8194993,144.9787211,East Melbourne,1259,Tennis Ctr 7B
ICTMicroclimate-06,Summer,21.171332489844843,3.9169607777851767,58.14598122128255,15017,Tram Stop 7B - Melbourne Tennis Centre Precinct - Rod Laver Arena,-37.8194993,144.9787211,East Melbourne,1259,Tennis Ctr 7B
ICTMicroclimate-06,Winter,11.547974900171136,6.965658870507701,71.02391899600684,17530,Tram Stop 7B - Melbourne Tennis Centre Precinct - Rod Laver Arena,-37.8194993,144.9787211,East Melbourne,1259,Tennis Ctr 7B
ICTMicroclimate-07,Autumn,17.97378888888889,6.389333333333333,63.65501111111111,9000,Tram Stop 7C - Melbourne Tennis Centre Precinct - Rod Laver Arena,-37.8222341,144.9829409,East Melbourne,426,Tennis Ctr 7C
ICTMicroclimate-07,Spring,16.068370643895683,2.6354142626355874,61.35031156242788,17332,Tram Stop 7C - Melbourne Tennis Centre Precinct - Rod Laver Arena,-37.8222341,144.9829409,East Melbourne,426,Tennis Ctr 7C
ICTMicroclimate-07,Summer,21.15805893700525,3.529900884720282,58.09535022949511,15033,Tram Stop 7C - Melbourne Tennis Centre Precinct - Rod Laver Arena,-37.8222341,144.9829409,East Melbourne,426,Tennis Ctr 7C
ICTMicroclimate-07,Winter,11.54930354198647,7.153732446415373,70.9027232929672,17589,Tram Stop 7C - Melbourne Tennis Centre Precinct - Rod Laver Arena,-37.8222341,144.9829409,East Melbourne,426,Tennis Ctr 7C
ICTMicroclimate-08,Autumn,17.912833744671303,9.0403859098048,63.78999326901504,8914,Swanston St - Tram Stop 13 adjacent Federation Sq & Flinders St Station,-37.8184515,144.9678474,Melbourne,838,Swanston/Fed Sq
ICTMicroclimate-08,Spring,16.0821288248601,4.690379807119895,60.91799023693297,16798,Swanston St - Tram Stop 13 adjacent Federation Sq & Flinders St Station,-37.8184515,144.9678474,Melbourne,838,Swanston/Fed Sq
ICTMicroclimate-08,Summer,20.97116621983914,5.210053619302949,58.416434316353886,14920,Swanston St - Tram Stop 13 adjacent Federation Sq & Flinders St Station,-37.8184515,144.9678474,Melbourne,838,Swanston/Fed Sq
ICTMicroclimate-08,Winter,11.769478409829286,9.221099887766554,69.51518105026877,16929,Swanston St - Tram Stop 13 adjacent Federation Sq & Flinders St Station,-37.8184515,144.9678474,Melbourne,838,Swanston/Fed Sq
ICTMicroclimate-09,Autumn,18.014331705150976,17.091585257548846,63.264287300177614,9008,SkyFarm (Jeff's Shed). Rooftop - Melbourne Conference & Exhibition Centre (MCEC),-37.8223306,144.9521696,Docklands,568,MCEC Rooftop
ICTMicroclimate-09,Spring,15.930225563909772,2.143030653556969,61.40894158473106,17290,SkyFarm (Jeff's Shed). Rooftop - Melbourne Conference & Exhibition Centre (MCEC),-37.8223306,144.9521696,Docklands,568,MCEC Rooftop
ICTMicroclimate-09,Summer,20.912722381854863,4.080577122944305,59.19437549672923,16357,SkyFarm (Jeff's Shed). Rooftop - Melbourne Conference & Exhibition Centre (MCEC),-37.8223306,144.9521696,Docklands,568,MCEC Rooftop
ICTMicroclimate-09,Winter,11.903038595829008,6.388128715674247,69.98352363876569,10597,SkyFarm (Jeff's Shed). Rooftop - Melbourne Conference & Exhibition Centre (MCEC),-37.8223306,144.9521696,Docklands,568,MCEC Rooftop
ICTMicroclimate-10,Autumn,12.704594594594594,9.721621621621622,77.62351351351352,1110,1 Treasury Place,-37.8128595,144.9745395,East Melbourne,1347,1 Treasury Pl A
ICTMicroclimate-10,Spring,12.492907610524192,3.5538758713361887,58.35932306035933,14861,1 Treasury Place,-37.8128595,144.9745395,East Melbourne,1347,1 Treasury Pl A
ICTMicroclimate-10,Summer,19.73887331838565,4.359211509715994,67.80848281016442,10704,1 Treasury Place,-37.8128595,144.9745395,East Melbourne,1347,1 Treasury Pl A
ICTMicroclimate-10,Winter,9.985918119173084,5.941004342080423,70.17373327928658,12335,1 Treasury Place,-37.8128595,144.9745395,East Melbourne,1347,1 Treasury Pl A
ICTMicroclimate-11,Autumn,17.833094669848848,4.921241050119332,64.1654960790999,8799,1 Treasury Place,-37.812888,144.9750857,East Melbourne,1437,1 Treasury Pl B
ICTMicroclimate-11,Spring,15.721090484983964,2.295732952225398,59.12202352026436,10289,1 Treasury Place,-37.812888,144.9750857,East Melbourne,1437,1 Treasury Pl B
ICTMicroclimate-11,Summer,21.082844521688752,2.788760953001665,59.77836193786661,13809,1 Treasury Place,-37.812888,144.9750857,East Melbourne,1437,1 Treasury Pl B
ICTMicroclimate-11,Winter,11.346625070901872,4.933408961996597,70.14380034032898,8815,1 Treasury Place,-37.812888,144.9750857,East Melbourne,1437,1 Treasury Pl B
aws5-0999,Autumn,16.625070084100923,,76.71882258710453,4994,Royal Park Asset ID: COM2707,-37.7956167,144.9519007,North Melbourne,4910,Royal Park
aws5-0999,Spring,14.859296685529506,,71.7698329291296,7422,Royal Park Asset ID: COM2707,-37.7956167,144.9519007,North Melbourne,4910,Royal Park
aws5-0999,Summer,19.87623184647303,,68.80477178423237,7712,Royal Park Asset ID: COM2707,-37.7956167,144.9519007,North Melbourne,4910,Royal Park
aws5-0999,Winter,10.155231900452488,,84.55356334841629,10608,Royal Park Asset ID: COM2707,-37.7956167,144.9519007,North Melbourne,4910,Royal Park
